max_degree, qtd_max_degree, min_degree, qtd_min_degree, avg_degree, density, is_power_law
16199, 1, 2, 5716, 6.461727183513248, 0.0003963520323568207, 1
7, 1, 3, 3, 4.75, 0.12179487179487179, 0
9697, 1, 0, 10, 2.292210993344836, 0.00014125907397207347, 1
22, 1, 5, 1, 12.9, 0.1303030303030303, 0
